{
  "name": "Algorithm Comparison",
  "seeds": 3,
  "episodes": 100,
  "configs": [
    "dqn",
    "double",
    "dueling",
    "noisy",
    "boltzmann",
    "per_dqn",
    "a2c",
    "ppo"
  ],
  "elapsed_time": 7194.96324634552,
  "summary": {
    "dqn": {
      "reward": {
        "mean": -100859.61200000001,
        "ci": [
          -101576.42811948208,
          -100142.79588051794
        ]
      },
      "queue": {
        "mean": 332.68211111111117,
        "ci": [
          330.3179633692546,
          335.04625885296775
        ]
      },
      "wait": {
        "mean": 41.418,
        "ci": [
          41.09655231590034,
          41.73944768409966
        ]
      },
      "throughput": {
        "mean": 1769.0,
        "ci": [
          1740.5293554691855,
          1797.4706445308145
        ]
      }
    },
    "double": {
      "reward": {
        "mean": -99095.79920000001,
        "ci": [
          -99672.93714682286,
          -98518.66125317715
        ]
      },
      "queue": {
        "mean": 326.8534666666667,
        "ci": [
          324.9431419909155,
          328.7637913424179
        ]
      },
      "wait": {
        "mean": 40.78885555555556,
        "ci": [
          40.58701271393152,
          40.99069839717959
        ]
      },
      "throughput": {
        "mean": 1779.6666666666667,
        "ci": [
          1775.0933333333335,
          1784.24
        ]
      }
    },
    "dueling": {
      "reward": {
        "mean": -97758.06480000001,
        "ci": [
          -99144.45213042993,
          -96371.67746957009
        ]
      },
      "queue": {
        "mean": 322.31784444444446,
        "ci": [
          317.7319505418032,
          326.9037383470857
        ]
      },
      "wait": {
        "mean": 40.1890888888889,
        "ci": [
          39.63803460379446,
          40.740143173983334
        ]
      },
      "throughput": {
        "mean": 1779.6666666666667,
        "ci": [
          1774.563970211741,
          1784.7693631215925
        ]
      }
    },
    "noisy": {
      "reward": {
        "mean": -98699.07786666667,
        "ci": [
          -99552.28353094147,
          -97845.87220239188
        ]
      },
      "queue": {
        "mean": 325.47313333333335,
        "ci": [
          322.6546678347254,
          328.2915988319413
        ]
      },
      "wait": {
        "mean": 40.700744444444446,
        "ci": [
          40.37295030379577,
          41.02853858509312
        ]
      },
      "throughput": {
        "mean": 1771.3333333333333,
        "ci": [
          1759.9984236390403,
          1782.6682430276262
        ]
      }
    },
    "boltzmann": {
      "reward": {
        "mean": -97270.89519999998,
        "ci": [
          -98419.96619463076,
          -96121.82420536921
        ]
      },
      "queue": {
        "mean": 320.8124222222222,
        "ci": [
          317.0122118581121,
          324.6126325863323
        ]
      },
      "wait": {
        "mean": 40.23202222222222,
        "ci": [
          39.79150772645697,
          40.67253671798747
        ]
      },
      "throughput": {
        "mean": 1772.6666666666667,
        "ci": [
          1761.1080200715367,
          1784.2253132617968
        ]
      }
    },
    "per_dqn": {
      "reward": {
        "mean": -99003.71013333334,
        "ci": [
          -99724.15434150922,
          -98283.26592515747
        ]
      },
      "queue": {
        "mean": 326.55957777777775,
        "ci": [
          324.18489704689154,
          328.93425850866396
        ]
      },
      "wait": {
        "mean": 40.70042222222222,
        "ci": [
          40.44778746588565,
          40.95305697855879
        ]
      },
      "throughput": {
        "mean": 1766.6666666666667,
        "ci": [
          1739.3592089958318,
          1793.9741243375017
        ]
      }
    },
    "a2c": {
      "reward": {
        "mean": -98982.27293333336,
        "ci": [
          -100178.99782493585,
          -97785.54804173086
        ]
      },
      "queue": {
        "mean": 326.4038,
        "ci": [
          322.44279467373286,
          330.3648053262671
        ]
      },
      "wait": {
        "mean": 40.67553888888889,
        "ci": [
          40.32187098260552,
          41.02920679517226
        ]
      },
      "throughput": {
        "mean": 1777.6666666666667,
        "ci": [
          1767.7799393123914,
          1787.553394020942
        ]
      }
    },
    "ppo": {
      "reward": {
        "mean": -96373.80986666668,
        "ci": [
          -97139.40528881019,
          -95608.21444452317
        ]
      },
      "queue": {
        "mean": 317.7703333333333,
        "ci": [
          315.22367971654023,
          320.3169869501264
        ]
      },
      "wait": {
        "mean": 39.79402222222222,
        "ci": [
          39.506478303494596,
          40.08156614094984
        ]
      },
      "throughput": {
        "mean": 1785.6666666666667,
        "ci": [
          1777.9639802665997,
          1793.3693530667338
        ]
      }
    }
  },
  "t_tests": {
    "best_vs_second": {
      "best": "ppo",
      "second": "boltzmann",
      "t_stat": 2.524960547469183,
      "p_value": 0.12752869984439671,
      "cohens_d": 1.0397423562453338
    }
  },
  "final_rewards": {
    "dqn": [
      -100132.1432,
      -101289.30639999999,
      -101157.38640000002
    ],
    "double": [
      -98952.49279999999,
      -98672.76640000001,
      -99662.1384
    ],
    "dueling": [
      -99133.9296,
      -96785.10840000001,
      -97355.1564
    ],
    "noisy": [
      -98201.78480000001,
      -98328.84920000001,
      -99566.59959999999
    ],
    "boltzmann": [
      -97167.12759999999,
      -96311.32999999999,
      -98334.22800000003
    ],
    "per_dqn": [
      -99693.23199999999,
      -98879.7448,
      -98438.15359999999
    ],
    "a2c": [
      -99380.07880000003,
      -99783.2272,
      -97783.51280000001
    ],
    "ppo": [
      -95859.4416,
      -96121.7816,
      -97140.20640000002
    ]
  }
}