{
  "uniform": {
    "reward": {
      "mean": -1319687.4804,
      "std": 103779.48982521932
    },
    "queue": {
      "mean": 1617.8355666666666,
      "std": 46.55021474125191
    },
    "wait": {
      "mean": 63.32182291666666,
      "std": 3.624857593751553
    },
    "throughput": {
      "mean": 2926.19,
      "std": 288.3425981363142
    }
  },
  "low_traffic": {
    "reward": {
      "mean": -64618.6984,
      "std": 28827.156910945578
    },
    "queue": {
      "mean": 140.00523333333334,
      "std": 31.04896974943148
    },
    "wait": {
      "mean": 8.189202083333333,
      "std": 3.4173331876624395
    },
    "throughput": {
      "mean": 2536.83,
      "std": 57.882303858778805
    }
  },
  "peak_hour": {
    "reward": {
      "mean": -5553057.689200001,
      "std": 71973.10378683031
    },
    "queue": {
      "mean": 7003.079433333333,
      "std": 78.64441680692349
    },
    "wait": {
      "mean": 89.23740416666665,
      "std": 0.38409511537671204
    },
    "throughput": {
      "mean": 4026.0,
      "std": 8.76013698523031
    }
  },
  "tidal": {
    "reward": {
      "mean": -2722472.6372,
      "std": 53824.716515572465
    },
    "queue": {
      "mean": 3765.997366666667,
      "std": 60.843025060478396
    },
    "wait": {
      "mean": 74.3175875,
      "std": 1.3561299048146669
    },
    "throughput": {
      "mean": 4037.85,
      "std": 11.47987369268495
    }
  },
  "burst": {
    "reward": {
      "mean": -770397.6140000002,
      "std": 34144.03708926787
    },
    "queue": {
      "mean": 1430.5368333333338,
      "std": 49.0595314521608
    },
    "wait": {
      "mean": 43.984866666666676,
      "std": 1.2155366972070174
    },
    "throughput": {
      "mean": 4460.83,
      "std": 7.71758381878681
    }
  },
  "elapsed_sec": 493.5,
  "params": {
    "agent": "dueling",
    "episodes": 100,
    "max_steps": 300
  }
}