{
  "dqn": {
    "low_traffic": {
      "reward": {
        "mean": -1903.7123999999997,
        "std": 111.90737815818954
      },
      "queue": {
        "mean": 5.857766666666667,
        "std": 0.3668378554923445
      },
      "wait": {
        "mean": 1.9326,
        "std": 0.09337954808200775
      },
      "throughput": {
        "mean": 590.77,
        "std": 27.090535247573087
      }
    },
    "peak_hour": {
      "reward": {
        "mean": -496581.76700000005,
        "std": 28530.43873888383
      },
      "queue": {
        "mean": 1648.7495333333334,
        "std": 96.16920734138922
      },
      "wait": {
        "mean": 81.04195833333334,
        "std": 15.033286391452489
      },
      "throughput": {
        "mean": 1435.11,
        "std": 220.79143529584658
      }
    },
    "tidal": {
      "reward": {
        "mean": -456143.3772,
        "std": 11532.833909252704
      },
      "queue": {
        "mean": 1513.9790333333333,
        "std": 38.33967932774666
      },
      "wait": {
        "mean": 77.06946666666667,
        "std": 2.0103628801786013
      },
      "throughput": {
        "mean": 1792.77,
        "std": 2.0584217254974746
      }
    },
    "burst": {
      "reward": {
        "mean": -35107.035599999996,
        "std": 6909.570277333071
      },
      "queue": {
        "mean": 115.29573333333333,
        "std": 22.772892970371593
      },
      "wait": {
        "mean": 18.099816666666666,
        "std": 3.2783769095138124
      },
      "throughput": {
        "mean": 1763.89,
        "std": 17.790387854119427
      }
    }
  },
  "double": {
    "low_traffic": {
      "reward": {
        "mean": -1923.2757999999997,
        "std": 102.88287975343628
      },
      "queue": {
        "mean": 5.921833333333334,
        "std": 0.33760969410779
      },
      "wait": {
        "mean": 1.9469083333333332,
        "std": 0.08783889095320414
      },
      "throughput": {
        "mean": 594.39,
        "std": 20.82349394314028
      }
    },
    "peak_hour": {
      "reward": {
        "mean": -459394.2972000001,
        "std": 15459.355793128005
      },
      "queue": {
        "mean": 1522.5394000000003,
        "std": 51.83261530130747
      },
      "wait": {
        "mean": 109.51738333333334,
        "std": 6.4356156886458376
      },
      "throughput": {
        "mean": 1775.94,
        "std": 97.74434203574135
      }
    },
    "tidal": {
      "reward": {
        "mean": -463801.34,
        "std": 25271.288166042497
      },
      "queue": {
        "mean": 1537.312466666667,
        "std": 84.94189596897661
      },
      "wait": {
        "mean": 108.6108333333333,
        "std": 10.547401467107116
      },
      "throughput": {
        "mean": 1752.26,
        "std": 116.19075866866521
      }
    },
    "burst": {
      "reward": {
        "mean": -36806.59380000001,
        "std": 6662.123038257215
      },
      "queue": {
        "mean": 120.85709999999999,
        "std": 21.96737823154547
      },
      "wait": {
        "mean": 18.770991666666667,
        "std": 3.1286412290654764
      },
      "throughput": {
        "mean": 1764.09,
        "std": 29.947986576729992
      }
    }
  },
  "dueling": {
    "low_traffic": {
      "reward": {
        "mean": -1913.2741999999998,
        "std": 105.87712902397773
      },
      "queue": {
        "mean": 5.890366666666666,
        "std": 0.34711282027605955
      },
      "wait": {
        "mean": 1.941008333333333,
        "std": 0.08291505819210404
      },
      "throughput": {
        "mean": 594.8,
        "std": 22.473984960393654
      }
    },
    "peak_hour": {
      "reward": {
        "mean": -456087.7936,
        "std": 13353.301390011338
      },
      "queue": {
        "mean": 1511.2310666666663,
        "std": 44.444634336516565
      },
      "wait": {
        "mean": 113.26973333333332,
        "std": 1.054316839632818
      },
      "throughput": {
        "mean": 1793.76,
        "std": 0.6183849933496123
      }
    },
    "tidal": {
      "reward": {
        "mean": -455796.5504,
        "std": 12952.538905660589
      },
      "queue": {
        "mean": 1512.8307,
        "std": 43.0556814119035
      },
      "wait": {
        "mean": 76.97251666666666,
        "std": 2.0867550732736544
      },
      "throughput": {
        "mean": 1792.67,
        "std": 2.3240266779880128
      }
    },
    "burst": {
      "reward": {
        "mean": -34870.9258,
        "std": 6570.13792041555
      },
      "queue": {
        "mean": 114.47393333333333,
        "std": 21.65394291722
      },
      "wait": {
        "mean": 17.864408333333337,
        "std": 3.0986989234170705
      },
      "throughput": {
        "mean": 1765.79,
        "std": 14.96949898961218
      }
    }
  },
  "noisy": {
    "low_traffic": {
      "reward": {
        "mean": -1893.4391999999996,
        "std": 96.80946924428449
      },
      "queue": {
        "mean": 5.830233333333334,
        "std": 0.31632130465363506
      },
      "wait": {
        "mean": 1.9437166666666663,
        "std": 0.08804168993531795
      },
      "throughput": {
        "mean": 589.75,
        "std": 22.092702415050994
      }
    },
    "peak_hour": {
      "reward": {
        "mean": -458044.7111999999,
        "std": 12157.45552231892
      },
      "queue": {
        "mean": 1520.3178333333335,
        "std": 40.41369685411947
      },
      "wait": {
        "mean": 77.05671666666667,
        "std": 2.184074501489259
      },
      "throughput": {
        "mean": 1792.99,
        "std": 1.8248013590525405
      }
    },
    "tidal": {
      "reward": {
        "mean": -455832.96619999997,
        "std": 10353.737431819196
      },
      "queue": {
        "mean": 1512.7534333333333,
        "std": 34.40755536685706
      },
      "wait": {
        "mean": 79.68900833333333,
        "std": 1.8583385115585558
      },
      "throughput": {
        "mean": 1793.72,
        "std": 0.8133879763065103
      }
    },
    "burst": {
      "reward": {
        "mean": -144113.9718,
        "std": 13629.80697653465
      },
      "queue": {
        "mean": 474.5676,
        "std": 45.00830243183535
      },
      "wait": {
        "mean": 72.51715833333334,
        "std": 6.041698621863768
      },
      "throughput": {
        "mean": 983.22,
        "std": 58.940576854998625
      }
    }
  },
  "boltzmann": {
    "low_traffic": {
      "reward": {
        "mean": -1932.6507999999997,
        "std": 105.91660060330501
      },
      "queue": {
        "mean": 5.9527,
        "std": 0.34696003452206936
      },
      "wait": {
        "mean": 1.9516999999999998,
        "std": 0.09268449468792263
      },
      "throughput": {
        "mean": 595.41,
        "std": 22.56904738796035
      }
    },
    "peak_hour": {
      "reward": {
        "mean": -456943.4286,
        "std": 11939.014857675063
      },
      "queue": {
        "mean": 1516.6738333333333,
        "std": 39.68232287212755
      },
      "wait": {
        "mean": 76.71994166666667,
        "std": 2.2941676754296125
      },
      "throughput": {
        "mean": 1792.63,
        "std": 2.193877845277626
      }
    },
    "tidal": {
      "reward": {
        "mean": -455083.40400000004,
        "std": 12804.961036392779
      },
      "queue": {
        "mean": 1507.8916000000004,
        "std": 42.61944263799484
      },
      "wait": {
        "mean": 113.16350000000004,
        "std": 1.0474242348627312
      },
      "throughput": {
        "mean": 1793.72,
        "std": 0.6493073232299171
      }
    },
    "burst": {
      "reward": {
        "mean": -35076.834,
        "std": 5940.125144299572
      },
      "queue": {
        "mean": 115.15426666666666,
        "std": 19.577256782524177
      },
      "wait": {
        "mean": 17.97475,
        "std": 2.793348330558388
      },
      "throughput": {
        "mean": 1766.5,
        "std": 16.11427938196431
      }
    }
  },